Name,Address,Telephone
Oldpinch Online Shopping,"Bagdol-4, Lalitpur,","015191399+977 -9864478470,9864478470,"
Next Generation World,"Kathmandu Mall, P.O. Box: 24678, Ktm,","00977-1-4150066+977 01 4469417,,"
Neoteric Nepal Pvt. Ltd.,"Ganabahal, P.O. Box: 363, Ktm,","00977-1-42124114250001+977 1 5553222,,"
Mahavir Shree International,"Old Baneshwor, P.O. Box: 410, Ktm,","00977-1-44618484461847+977 -1411-0 860,,"
Daraz Nepal,"Kathmandu, Central Development Region,","+977 980 1292 929,,"
Tech Partners Nepal,"New Road, Samsung Galli (Durbarthok Marga), Pokhara,","061-526550,9801024374,"
Nepal Construction Mart,"Kupondole, Lalitpur,","015180320,9801188110,"
Arun Smart Interactive Services,"Shantinagar-4, Nepal,","9844431480,9844431480,"
Nplmart.com,"newroad,","9861651393,,"
Archana Electronics Hub,"Gaur-1, Nagarpalikka Road, Rautahat, Nepal,","055-521505,9855040404,"
Airwell Nepal Pvt. Ltd.,"Budhnagar, Kathmandu,","9851054683+977 9851136944,9808100093,"
Electro - Ref Tech Pvt. Ltd,"Kupondol, Lalitpur ,","01-5260961,9818776832,"
RemaxPokhara,"Arbind Complex, New Road-8, Kaski,","061550434,9802823728,"
Singh Solutions P. Ltd.,"New Road,","01-4231572,+977-98510899879801089987,"
Vision World,"C/o Ramit Emporium,Gaighat-2,","+97735420233,+9779852830280,"
Add Link It Solution,"Bharatpur-3, Sheedchowk,","9867854777,9867854777,"
Dealgarnu super App,"Balawa Mahottari Nepal,","9807635902,9807635902,"
Ganapati manufacturing company pvt.ltd.,"Sitapaila,","unknown,+977-985-1112819,"
Sulabhbazar,"Boudha, Nayabasti,","9851154847,,"
Aircon Nepal Private Limited,"Tahachal, Soalteemod,","01-4302740,9802958402,"
Newamax Digital,"Laxmi Bhawan, Purano Sinamangal, Pepsi Chowk,","015156166,985114425198602677409849281925,"
KTM Plaza Nepal,"Infront Of Shankar Dev Campus Putalisadak,","01-4168085,9851295154,"
Muin International Pvt. Ltd,"Jwagal, Kupondole, Lalitpur, Nepal,","01-2239988,9851068979,"
Pro Tech Enterprises,"Bagbazar 31, Kathmandu, Nepal,","01-4256699,98410180989849779758,"
Jirel Electronics,"Dhobhighat, Kathmandu,","9813821252,+9779848864762+9779803045545,"
Neo Store,"Norkhang Complex, Jawalakhel,","+977-1-5553222,+977-9801200105,"
Crusade Himalaya,"Keshar mahal, Thamel,","4423578980-8121644,,"
DISTAR HOME APPLIANCES PVT. LTD.,"Mahabaudha,","4246113,,"
NPLmart.com,"New Road,","9851221241,9851221241,"
ProjectroniX Pvt. Ltd.,"Dhapakhel,","+977-1-5550577,9851198753,"
Reeva ElectroTech Pvt. Ltd.,"satdobato-15, Lalitpur,","4478305,9849987898,"
Electron International,"Sunghava Marg, Bhotebahal,","00977-1-4269721,,"
Muin International Pvt. Ltd.,"Kupondole,","+977 1 2239988,+977 9851068979,"
Satyam impex,"9/147 main road,","021-526337,9852026021,"
Faiz International,"Siddharthanagar-8, Bhairahawa,","9802673541,9847032521,"
KALINCHOWK ELECTRONICS AND MOBILE CENTER,"New Baneshwor,","4787711,9841003402,"
Renu Air Conditioning Suppliers,"Kalimati, Near Mali Petrol Pump,","+9779861611221,+9779801004440,"
MEGAtech,"Main road,","+977-21-572000,+977-982-0756280,"
EVERNAL ELECTRIC FANS,"Butwal,","071544954,9847045599,"
Prabhat Digital Photo Studio,"Buddhapath,","+97771546934,9847026663,"
HMT Electronics,"jagati choke,","016619876,9851004560,"
Bipassana International,"Teku,","00977-1-4258342,00977-9851037741,"
HARI OM T.V. CENTRE,"Hospital Line, Butwal/Bhairahawa","540506,,"
LG Electronics Inc.,"Khichapokhari, P.O. Box: 1275, Ktm,","00977-1-42500664249880,,"
Oscar Traders,"Lazimpat, P.O. Box: 1387, Ktm,","00977-1-44285764224210,,"
Pramilan electronic,"Shera Bazzar,","066520161,9819111424,"
New Khan Automobiles & Electronics,"Rajbiraj-04, Gajendra Chowk, Saptari,","031-522502,9814792800,"
Raja Electronics Pvt. Ltd.,"Kupandole,","00977-1-5435451,9851112208 / 07 / 09,"
Eco Visions,"Bhatbhateni,","00977-1-44413944413568,,"
EOL Pvt. Ltd.,"Sanepa,","00977-1-55251695525401,,"
ICT store Nepal Online shopping,"Newroad,","9851126092,9851126092,"
Sine Wave Electronics (P.) Ltd.,"kantipath,kathmandu,Nepal,","+977-1-4223495,+977-9841285760,"
Zoey Corporation,"3/184 Spall Street Purannagar,","00923217126162,,"
Abell Electronics Inc.,"Baneshwor, P.O. Box: 582, Ktm,","00977-1-478163947841774782345,,"
Attari International,"New Road, P.O. Box: 19865, Ktm,","00977-1-4229790,,"
AVCO International Pvt. Ltd.,"Lal Durbar,","00977-1-422988642250824225115,,"
Beltron Trading Pvt. Ltd.,"New Plaza,","00977-1-442977744298884423376,,"
BELTRONIX COMPUTER AND ELECTRONICS ENGINEERS,"Newplaza,","4429777,,"
Bitronic Telecoms Co. Ltd.,"Baneshwor, P.O. Box: 582, Ktm,","00977-1-478163947823454784177,,"
D AND D INTERNATIONAL,"Khichapokhari,","42488954244408,,"
Dewoo T.V. International Sound Service,"New Road,","00977-1-42636454230515,,"
ELECTROBYTE TECHNOLOGY PVT. LTD.,"Naxal,","44455804445581,,"
Touchstone Sales & Services Pvt. Ltd.,"GPO: 8975 EPC 1751, Harihar Bhawan,","55469495546950,,"
TOUCH STONE SALES AND SERVICES PVT. LTD.,"Sharp House, Lalitpur","55469505546949,,"
Uniphone Telecom Industries,"New Baneshwor,","4784177,,"
Shaktibya Trade Concern Pvt. Ltd.,"Chabahil,","00977-1-4483794,00977-9841273783,"
Digital Outreach Pvt.Ltd,"New Baneshwor, P.O. Box: 24953, Ktm,","00977-1-4499067,,"
HIGHER ELECTRONICS CONCEPT,"Jawalakhel, Lalitpur","5000167,,"
Neptel Global Pvt. Ltd.,"Maitighar, P.O. Box: 7940, Ktm,","00977-1-410155941015560,,"
Novel International Pvt. Ltd.,"Tripureshwor,","523734,,"
ROYAL ELECTRONICS,"New Road,","4238081,,"
"Shenzhen Xiaogen Elec. Equipment Co., Ltd","No. 163 in Fanshen Road, No. 48 in Baoan Area, Shenzhen","86-13798216807,,"
Square Infosys Pvt. Ltd.,"Patan Dhoka,","00977-1-5005554,,"
Valley Electronics,"New Road,","00977-1-4222454,,"
Aashraya Investment P. Ltd.,"Kalimati,","00977-1-42747544278423,00977-9851048230,"
BESTONE ELECTRONICS,"Dharmapath,","4220625,9841233844,"
Kashi Electric Stores,"Amarpath 6,","+977-71-530298,+977-985-7058177,"
Kathmandu Repairing Center,"Kupandole, P.O. Box: 86, Ltp,","00977-1-55374185530844,00977-9851055318,"
Thapa Engineering Industry,"Butwal Industrial Area, P.O. Box: 29, Butwal, Bhairahawa","71- 543658551560,9857020616,"
Ashoka Elelctronics,"Putalisadak,","4441874,,"
Asiatic International Trading Pvt. Ltd.,"New Baneshwor, P.O. Box: 13448, Ktm,","00977-1-478510747852239851021176,,"
Asmita Commercial Centre,"Gyaneshwor, P.O. Box: 6165, Ktm,","00977-1-44120864422062,,"
Atlas Enterprises Pvt. Ltd.,"Teku,","00977-1-4246594,,"
BUDDHA NATIONAL NETWORK PVT. LTD.,"Putalisadak,","42691654241247,,"
Cable Technology (P) Ltd.,"New Road,","00977-1-42422374225961,,"
Chandra Surya International Nepal Pvt. Ltd.,"Bagdurbar,","00977-1-4216347,,"
Chandrasurya International Pvt. Ltd.,"Bardurbar,","00977-1-4216347,,"
CHITWAN KITCHEN LINKS,"Chitwan,","5338729845055508692500,,"
Core Multisystem,"Kupondole,","00977-1-5545015,,"
Digital Home Pvt. Ltd.,"New Road, P.O. Box: 12046, Ktm,","00977-1-42465924218273,,"
Electro Complex Traders,"Kuleshwor, P.O. Box: 9116, Ktm,","00977-1-42834574283161,,"
Engineering Equipment Enterprises,"Lazimpat, P.O. Box: 10958, Ktm,","00977-1-441254744156474429539,,"
Gates Electronics,"Kuleshwor,","00977-1-42799474280194,,"
GAUTAM ELECTRIC AND ELECTRONIC CENTRE,"Thapathali,","4230908,,"
GENIAL TRADING PVT. LTD.,"Kamaladi,","44294154443014,,"
Greyhound Electronics (P) Ltd.,"Lazimpat, P.O. Box: 2894, Ktm,","00977-1-44328074411891,,"
HANSOPHONE ELECTRIC AND ELECTRONICS,"Old Baneshwor,","44927964492970,,"
Hemant Trade Concern (P) Ltd.,"Khichapokhari, P.O. Box: 1275, Ktm,","00977-1-42500664249880,,"
HOLDING ASIA INC.,"Old Baneshwor,","44730244477526,,"
Hyundai Electronic Concern,"P.O. Box: P.O. Box 556, ktm,","00977-1-4240650,,"
INTERACTIVE ELECTRONICS PVT. LTD.,"New Baneshwor,","47832084782581,,"
Kathmandu Electro Tech Service,"Tebahal,","00977-1-422634442465189851065029,,"
Kathmandu Electronics & Computer (P) Ltd.,"Naxal, P.O. Box: 3846, Ktm,","00977-1-4423540,,"
Kathmandu Repairing Centre,"Tebahal,","4246518,,"
Keren International,"Sundhara, P.O. Box: 5160, Ktm,","00977-1-4232855,,"
Kirara Electronics Nepal,"New Road, P.O. Box: 12648, Ktm,","00977-1-422871942539004267636,,"
Kuber Electronics,"New Road, P.O. Box: 9332, Ktm,","00977-1-42551384242146,,"
K.V. Overseas Marketing Pvt. Ltd.,"Putalisadak, P.O. Box: 10148, Ktm,","00977-1-4445743,,"
MAHESH OVERSEAS ENTERPRISES/ HEMANT TRADE CENTRE PVT. LTD.,"Khichapokhari,","42500664249880,,"
MANTRA NEPAL INT,"Kantipath,","42490084259289,,"
Multitec Trade Circle,"Thapathali,","00977-1-425734742576984215155,,"
NAULO SRIJANA ENTERPRISES,"Kathmandu,","4426646,,"
Neco-Av (P) Ltd.,"Kamalpokhari, P.O. Box: 4047, Ktm,","00977-1-44179864419145,,"
Nepal Electric Vehicle Industry (P.) Ltd.,"Lazimpat, P.O. Box: 8975 EPC 5154,","00977-1-443600044269994435600,,"
Nepal Electrical Vehicle Industry Pvt. Ltd.,"Lazimpat, P.O. Box: 8975 EPC 5154,","00977-1-443600044269974435600,,"
Nepal Electronics Pvt. Ltd.,"Gabahal,","00977-1-5552333,,"
Nepal Electronics,"Gabahal,","5537537,,"
NEPAL TRADE NETWORK PVT LTD,"Ganabahal,","42562364218213,,"
Nikita Exim (P) Ltd.,"New Road, P.O. Box: 6155, Ktm,","00977-1-42401514232620,,"
NIKITA EXIM PVT. LTD.,"New Road,","42401514232620,,"
Pacific Electro-Machinery Concern,"Dugambahil, P.O. Box: 369, Ktm,","00977-1-4223849,,"
Patan Electronics,"Gabahal,","00977-1-5533950,,"
Patan Multi Computers & Electronics,"Pulchowk,","00977-1-55259855520417,,"
Power Tools & Control,"Sundhara, P.O. Box: 8209, Ktm,","00977-1-422203542321409851062487,,"
Preesu Electronics,"Tahachal, P.O. Box: 3418, Ktm,","00977-1-4270963,,"
Quality Trade Link,"Sirjana Chowk,","530476,,"
Sampada Electronics,"Bishal Bazar,","00977-1-422297842283534231048,,"
Saurabh Photo International,"Tinkune,","00977-1-4111864,,"
SHIV TRADE INTERNATIONAL,"Kathmandu,","4220173,,"
Shobha Enterprises,"New Road, P.O. Box: 7458, Ktm,","00977-1-42677444263925,,"
Shree Eco Visionary (P) Ltd.,"Bhanimandal, P.O. Box: 8975 EPC 1082,","00977-1-2122030,,"
Shreworld Trading House,"Kamaladi, P.O. Box: 2920, Ktm,","00977-1-4230494,,"
Shuva Electronic Enterprises,"Sundhara, P.O. Box: 23084, Ktm,","00977-1-422112042318414268450,,"
Sigma Resources Pvt. Ltd.,"Balaju, P.O. Box: 4605, Ktm,","00977-1-43600002030303,,"
S. N. Electronics,"Bagbazar,","00977-1-4224989,,"
Space Electronic Line,"New Road,","00977-1-42420074222776,,"
The Electronic Shop,"Dharmapath, P.O. Box: 1414, Ktm,","00977-1-42405694244873,,"
THE ELECTRONIC SHOPPE,"Dharmapath,","42405694244873,,"
TIME LINE ELECTRONICS PVT. LTD.,"Durbarmarg,","422913842464814233302,,"
WATT AND VOLTS HOUSE,"Dillibazar,","4411330,,"
W. P. International Pvt. Ltd.,"Kupondol, P.O. Box: 8973 NPC 503,","00977-1-55482175544900,,"
Baba Electronics Service,"Kalanki,","00977-1-4281172,00977-9841326857,"
Dhukuti Nepal International Pvt. Ltd.,"Naxal,","00977-1-4264322,00977-9851038224,"
HaatMandu,"Shantinagar,","unknown,+9779841649480,"
Horizons Electronics General Trading,"Dunge Dhara,","00977-1-6923290,00977-9802038006,"
Interactive Electronics,"Putalisadak,","00977-1-44170554424879,00977-9741128619,"
Jai Shiv Shakti Electronics,unknown,"527220,,"
Next Electronics Sales and Service,"Gongabu, P.O. Box: 21199, Ktm,","00977-1-4380483,00977-9851093990,"
Prudential Trading Pvt. Ltd.,"Golfutar, P.O. Box: 24304, Ktm,","00977-1-9721454264,00977-9841267135,"
Rajdhani Traders,"New Road,","00977-1-4442647,00977-9851038665,"
Rays International,"Tripureshwor,","00977-1-4261162,00977-9851050700,"
Sharp Showroom,"Thapathali,","00977-1-42545634245771,,"
Shrestha Electronics,"Kwalkhu,","00977-1-5531956,00977-9851040589,"
Sipradi Autoparts Pvt. Ltd.,"Kalanki,","00977-1-43155504315551,00977-9841034630,"
Acro International Trading,"Thapathali,","00977-1-4425489,,"
Advantech Trade Link,"Teku,","00977-1-4247949,,"
Advance Electronics Service Centre,"Maharajgunj,","00977-1-44118094373176,,"
A-One Electronics Pvt. Ltd.,"New Baneshwor,","00977-1-47805154786222,00977-9851039017,"
BHAWANI TRADE CONCERN,"Traffic Chowk, Butwal/Bhairahawa","5443305446805408679857020830,,"
BHAGWATIDEVI TRADE LINRS,"Butwal/Bhairahawa,","5453894374109847130876,,"
BINAYAK ELECTRONICS,"Chabahil,","4479374,,"
B. S. Electronic,"Maitidevi,","00977-1-44175574428074,,"
Central Home Luxury,"Tripureshwor,","00977-1-4117300,,"
Dayamatic Electronics,"Wotu Tole, P.O. Box: 11827, Ktm,","00977-1-424791542440894260470,,"
DIWASI TRADERS,"Narayangadh, Chitwan","5708675705945708949855055474,,"
Dongol Electro-Electronic Centre,"Bhimsenthan,","00977-1-42606444229827,,"
ELECTRONIC WORLD,"Praharitole, Butwal/Bhairahawa","526100521798,,"
Emco Electronics & Computers,"Putalisadak,","00977-1-42447694252902,,"
FAIR DEAL ELECTRONICS,"Jawalakhel, Lalitpur","5536107,,"
Fridge and ac sales & service,"Gongabu,","00977-1-4380483,,"
Gadgets and Gizmos,"Durbar Marg,","00977-1-9803212961,,"
Gautam Electric & Electonics Centre,"Thapathali,","00977-1-4230908 4230893,,"
GK Electronics,"Ason,","00977-1-4228069,,"
GUDDI,"Bishalbazar,","4221870,,"
Hansophone Electric & Electronics,"Purano Baneshwor,","536604,,"
HH & Co. Pvt. Ltd.,"Durbar Marg, P.O. Box: 363, Ktm,","00977-1-42303824230378,,"
IEC International Electronic Concern (P) Ltd.,"Ramshahpath, P.O. Box: 12588, ktm,","00977-1-44221074421991,,"
Integrated Electronic Services Pvt. Ltd.,"Bagbazar,","00977-1-4244678,,"
Jai Shiv Shakti Electronics,"Naghel,","00977-1-42594719851073156,,"
Janaki Electronics,"New Road,","00977-1-4220328,,"
Kantipur Electronics & Computers,"Naxal,","00977-1-4423540,,"
Leotronix Service Centre,"New Road,","00977-1-4246260,,"
MARK INTERNATIONAL PVT. LTD.,"Pako, New Road,","4224130,,"
Namaste T. V. Center,"New Baneshwor,","4781779,,"
National Electronics & Computers,"Kalikasthan, P.O. Box: 8975 EPC 5622,","00977-1-4440773,,"
NAVARANG T.V. CENTRE,"Itahari,","5803325868399852020076,,"
Nikita Exim (P) Ltd.,"New Road, P.O. Box: P.O. Box 6155, ktm,","00977-1-4240151,,"
Om Mangalam Traders Repairing Center,"Baluwatar,","00977-1-4444467,,"
OM SHIVA ELECTRONIC ENGINEERING SERVICE,"Dharmapath,","4246340,,"
PAGARIA ELECTRONIC NEPAL,"Adarshnagar,","527464,,"
Pana Vision,"New Road,","00977-1-4248923,,"
Patan TV Center,"Lagankhel,","00977-1-5526521,,"
Pcubes Electronics,"Kupandole,","00977-1-5550140,,"
Pradhan Electroland Pvt. Ltd.,"Chabahil, P.O. Box: 20188, Ktm,","00977-1-44854159851068408,,"
Raj Trading Concern,unknown,"00977-1-44931322142474,,"
R.K. ELECTRONICS,"Maisthan,","523536,,"
SAURAV TRADE LINK,"Sadarline,","520261,,"
Sharp Showroom,"Pulchowk,","00977-1-55469495546950,,"
Shiv Electronics Concern,"Super Market, P.O. Box: 5797, Ktm,","00977-1-42291614242240,,"
Sigma Resources Pvt. Ltd.,"Kupondole, P.O. Box: 4605, Ktm,","00977-1-55407445527486,,"
Sonu Service Centre,"New Road,","00977-1-4225654,,"
SUJATA LIGHTING SUPPLIERS,"Kalopool,","4419469,,"
TechnoHome,"Pulchowk, P.O. Box: 5638, Ktm,","00977-1-5521142,,"
Tie Institute,"Putalisadak,","00977-1-4238410,,"
Top Electric Vehicle P. Ltd.,"Maru,","00977-1-4266155,,"
Tuladhar TV/AV Center,"New Road,","00977-1-4245301,,"
Tuladhar TV'AV Center,"New Road,","4245301,,"
DAKSHINKALI ELECTRONICS CENTER,"New Road,","5413489846069986,,"
Jumbo Electronics,"New Road,","00977-1-01-2013200,,"
Sony Service Center,"Kantipath,","00977-1-4259289,,"
Happy Home,"New Road,","00977-1-42230044222543,,"
SPEI Pvt. Ltd.,"Bhotebahal, P.O. Box: 8975 EPC 5450,","00977-1-42464439841214371,,"
T T Center,"Bishal Bazar, P.O. Box: 1387, Ktm,","00977-1-4224210,,"
Alfa Electronics Services,"New Road, P.O. Box: 3640, Ktm,","00977-1-4220993,,"
Balaji Electronics,"Sukrapath,","00977-1-4220201,,"
Blue Horse Electronics,"Ranamukteshwor,","00977-1-42596419851027580,,"
Butwal Engineering Works (P) Ltd.,unknown,"540212540386,,"
C.T.M. INTERNATIONAL,"Khichapokhari,","42476354248148,,"
DIPPAN ELECTRONICS,"Bardiya,","4207279848026090,,"
DRN TOWER,"Mahabaudha,","4230847,,"
Electronic Trade Centre,"Ason,","00977-1-4229391,,"
ELECTRO APPLIANCES PVT. LTD.,"New Road,","42328174232818,,"
ETC Electronic,"Ason,","00977-1-4229391,,"
EURO ELECTRONICS,"Lalitpur,","55238395534263,,"
Everest Technical Institute (P) Ltd.,"GPO: 19632, Ktm, Gongabu,","4355200,,"
Hans Electronics & Electricals,"GPO: 8975 EPC 5550, Putalisadak,","4226876,,"
Harishan Electronic Home Service,"Sukrapath,","00977-1-42446249851041500,,"
HOOVER ELCTRIC CONCERN,"Jawalakhel, Lalitpur","5527080,,"
JAI ELECTRONICS,"Mahabirsthan,","527044,,"
Kathmandu Electronics Service Centre,"Maitighar Chowk,","00977-1-42237624255945,,"
Khasha Electronics Suppliers,"Mahaboudha,","00977-1-4257467,,"
KUMARI AUDIO VIDEO WORLD,"Ram Mandir, Butwal/Bhairahawa","540648,,"
Microtech,"Kupondole,","00977-1-5523754,,"
M/S R. K. Light Centre,"Sundhara,","00977-1-42268234248444,,"
Nepal Hima Trade Link Pvt. Ltd.,"Bakhhundol, P.O. Box: 1335, Ktm,","00977-1-5546076,,"
Nepal Gas Heating Enterprises,"Soaltee Mode,","00977-1-42716349851073545,,"
NEPA HIMA TRADE LINK PVT. LTD (SONY),"Bakhundole, Lalitpur","554607655507055553808,,"
New Siddhartha Enterprises,"New Road,","00977-1-4262183,,"
NEW SUPER STAR ENTERPRISES,"New Road,","42420004230971,,"
NIKKI ENTERPRISES,"Makhan,","4225503,,"
NIRANJANA TRADERS PVT. LTD.,"Khichapokhari,","4225841,,"
OLYMPUS INTERNATIONAL PVT. LTD.,"Khichapokhari,","42227254248971,,"
Omit Electronic Shop,"Mahendra Pool,","523293521679,,"
Overseas Electronics,"Khichapokhari,","4222542,,"
PINNACLE INTERNATIONAL TRADERS,"Putalisadak,","4215947,,"
Sony Electronics,"Koteshwor,","00977-1-4496684,,"
Sunrose International Pvt. Ltd.,"Pulchowk, P.O. Box: 15142 KPC 363,","00977-1-5524711,,"
Suraj Electronis Center,"Bishal Nagar,","00977-1-4432158,,"
VISION ELECTRONICS,"Pokhara,","522010,,"
A-One Sales & Services Pvt. Ltd.,"New Baneshwor,","00977-1-47804124780084,00977-9851032849,"
City Electronics,"New Baneshwor,","00977-1-4785490,,"
Digiworld,"Mainroad,","21-522662,9852027083,"
Society Moves on Alternative Source Pvt. Ltd.,"Panipokhari,","00977-1-01-6922054,00977-9851104100,"
V-Tech Electronic Traders & Home Appliances,"New Baneshwor,","00977-1-4783596,00977-9851060125,"
Aakashdeep Electronics,"GPO: 1894, Ktm, Putalisadak,","44300154467260,,"
A2B Varieties Centre,"Lake Side,","521791,,"
Ace Electronics,"Dillibazar,","00977-1-44320114430007,,"
Aditya Electronics,"Boudha,","00977-1-4467710,,"
Advanced Tech Services,"New Road,","00977-1-4260789,,"
Agro Engineering Works (P) Ltd.,"Ind. Estate, Bhairahawa","540179,,"
Akash Deep Electronics,"Putalisadak,","00977-1-4430196,,"
Akashdeep Electronics Pvt. Ltd.,"Putalisadak, P.O. Box: 1894, Ktm,","00977-1-44300154430891,,"
AKASHDEEP ELECTRONIC PVT.LTD.,"Putalisadak,","44300154430891,,"
Alankaran Electronic,"New Road,","00977-1-4249703,,"
Alfa Electronics (P) Ltd.,unknown,"521529,,"
AMAR ELECTRONICS,"Maisthan,","524916,,"
Amuse Traders P. Ltd.,"Kalimati, P.O. Box: 6833, Ktm,","00977-1-42744794276368,,"
AMUL TRADERS,"Kanchanpur,","5247705242501,,"
AMUSE TRADERS PVT. LTD.,"Kalimati,","42744794276368,,"
Anand Eletronics,unknown,"021-536049,,"
Anish Electronics,"Ason,","00977-1-4250290,,"
Anish Traders,"Mahaboudha,","00977-1-4245088,,"
Anuj Electronics & Computer Service,unknown,"00977-1-9841206835,,"
A-One Sales & Services Pvt. Ltd.,"Pulchowk,","00977-1-5543597,,"
A One Electronics Pvt. Ltd.,"Gothatar,","00977-1-9851070237,,"
A-One Sales & Services,"New Baneshwor,","4780412,,"
A-ONE SALES AND SERVICE,"Baneshwor,","47804124780084,,"
Appolo Electronics Services,"Thamel,","00977-1-4416416,,"
ARANIKO ELECTRIC,"Narayan Path, Butwal/Bhairahawa","526446,,"
ARUN IMPEX,"Praharitole, Butwal/Bhairahawa","520279,,"
ASHA HITTER UDHYOG,"Thimi,","66319964783093,,"
ASIAN ELECTRONICS,"Gharbari Tole,","521189,,"
ASMITA ELECTRONICS,"Kailali,","5605309848429951,,"
ATRONICES GALLARY,"Kailali,","5612489845433014,,"
Awon Electronic,"Putalisadak,","00977-1-4416644,,"
Bake Bihari,unknown,"529900,,"
Balaju T. V. Center,"Balaju,","00977-1-20830969851066706,,"
Bansal T.V. Center,"Birtamod, Jhapa","023-540028,,"
BANDU ELECTRICALS AND ELECTRONICS,"Bank Road, Butwal/Bhairahawa","522948,,"
Baral Traders,"Mahabaudha,","00977-1-42585779851027066,,"
Beltron Trading Pvt. Ltd.,"Kantipath,","00977-1-42496844249784,,"
BG VIDEO AND ELECTRONICS,"Gabahal, Lalitpur","55345169841323629,,"
BIBHUS TRADING CONCERN,"Dhoka Bahal,","4221380,,"
Bishal Electrics,"Balaju,","00977-1-4353242,,"
Bishal Electronic Centre,"Balaju,","00977-1-4352856,,"
BISHNU HOUSE,"Khichapokhari,","4222070,,"
Blue Diamond Electronics Suppliers,"Bagdurbar,","00977-1-2011301,,"
Bohara Electric Radio Stores,"Main Road,","530187,,"
Boudha Electric & Electronic Service Center,"Boudhanath Road,","00977-1-4488049,,"
"B. P. Radio, Watch Sales Centre","Mahendra Pool,","523693,,"
B.R. Electronic,unknown,"00977-1-6213237,,"
B. R. Electronics,"Kalopul,","00977-1-4410597,,"
Broadtech P. Ltd.,"New Road,","00977-1-42317779851049072,,"
B.R. SUPPLIERS,"Sauffarsatikar, Butwal/Bhairahawa","522445,,"
Buddha Electronics,"Banasthali,","00977-1-4350499,,"
Cable Technology (P) Ltd.,"Traffic Chowk,","521344,,"
CG Digital Pvt. Ltd.,"Chabahil,","00977-1-6205707,,"
Chaudhary Electronic,"Mahaboudha,","00977-1-4219716,,"
CHAUTARI ELECTRICALS,"Kailali,","560921,,"
CHHHATRADEVI ELECTRONICS,"Amarpath, Butwal/Bhairahawa","98471239389847189510,,"
CIRCUIT ELECTRONICS CENTRE,"Pako, New Road,","4263372,,"
City Shop,"New Road,","00977-1-4255108,,"
Classic Electronics Traders,"Chabahil,","00977-1-44662579841232690,,"
Click SolutionCenter,"Lalitpur,","00977-1-5536649,,"
Comet Electro Machinery Traders,"Teku,","00977-1-4242882,,"
COMPWARE TRADERS,"Nayabazar,","524823,,"
Creative Light,"Bhotebahal,","00977-1-4231180,,"
Creative Electronics Concern,"Balaju,","00977-1-4361843,,"
CRT Electronics,"Lalitpur,","00977-1-5527194,,"
Dallu Electronics,"Dallu,","00977-1-42769084289409,,"
Delta Electronics,unknown,"520261,,"
DELTA ELECTRONICS CENTRE PVT. LTD.,"Dillibazar,","421722,,"
Detect Trade Links,"Dillibazar,","00977-1-4430402,,"
D.G. ELECTRONIC,"Chabahil,","44841159841217646,,"
DHAMALA TRADERS,"Kailali,","5603099848427625,,"
Digital Wave Center,"New Baneshwor,","00977-1-4781779,,"
Digital Electronics,unknown,"530720530353Ext. 234,,"
Digital Electronics & Computers,"Old Baneshwor,","00977-1-2060303,,"
DIGITAL POINT,"New Road,","4258912,,"
Dream World Electronic,"Gongabu,","00977-1-4387091,,"
Electro Kitchen Conern,"Bhotebahal,","00977-1-4229525,,"
Electrovoice,"New Road,","00977-1-4216629,,"
Electronic T.V. House,"Kalanki,","00977-1-42799939851045330,,"
Electronics Home,"Bishal Bazar,","00977-1-4221910,,"
Electronics Service Centre,"Dharmapath,","00977-1-4247472,,"
Electronics Service Centre,"Boudha,","00977-1-2073138,,"
Electrovioce,"New Road,","4216629,,"
ELEGANT ELECTRIC WIRING SERVICES,"Sanepa,","5524789,,"
ELECTRO GOODS,Lalitpur,"5544399,,"
Evolotion Trading Pvt. Ltd.,"Khichapokhari,","00977-1-4244408,,"
Extra Life Line center,"Kalimati,","00977-1-4278044,,"
F.A. ELECTRONICS,"Goligadh, Butwal/Bhairahawa","523649,,"
Fair Deal Electronic,"Jawalakhel,","00977-1-55361075548146,,"
FINE WATCH AND TV CENTER,"Kalanki,","427229098510581299841257098,,"
Force Electronics,"Tinkune,","00977-1-4111630,,"
Gadgets and Gizmos,"Bhatbhateni,","00977-1-4411244,,"
Ganga Digital Electronics,"Thimi,","00977-1-663761566326159841212479,,"
Gautam Electric & Electronic Centre,"Chipledhunga,","533529551682,,"
GAURA ELECTRICALS AND GOODS SUPPLIERS,"Chabahil,","4479521,,"
Genuine Electronics,"Lagankhel,","00977-1-55258885530500,,"
Gurung Traders,"Mahendra Pool, P.O. Box: 149, Pkr,","521591525691,,"
Gurung Electronics,"Bansbari,","4372034,,"
GURAYA ELECTRONIC CONCERN,"Khichapokhari,","42239444226828,,"
Happy Home,"Boudha,","00977-1-4479192,,"
Happy Home,"Kamaladi,","00977-1-4266143,,"
Happy Home,"Maharajgunj,","00977-1-4650601,,"
Harati Mata Enterprises,"Mahaboudha,","00977-1-4219094,,"
Hari Electronics Service Center,"Minbhawan,","00977-1-2040283,,"
HARIYALI ELECTRONICALS,"Kailali,","9848421093,,"
Her Choice Pvt. Ltd.,"Satdobato,","00977-1-55259322222401,,"
Hi-Tech Electronics,"New Road,","00977-1-4251334,,"
Home Service Electronics,"Kaldhara,","00977-1-42585189841240437,,"
HOOVER ELECTRICAL AND ELECTRONICS CONCERN,"Lalitpur, Lalitpur","5527080,,"
H. P. Enterprises,"Suryabinayak,","00977-1-6615445,,"
H.P. Enterprises,unknown,"00977-1-6615826,,"
IMAGE ELECTRONICS,"Kumaripati, Lalitpur","5531540,,"
IMPEX,"Sundhara,","4263042,,"
INTERNATIONAL ELECTRONICS,"Sukrapath,","4225841,,"
Jagriti Impex,"Indrachowk,","00977-1-4259473,,"
Jai Ambay Trading,"Mahaboudha, P.O. Box: 1268, Ktm,","00977-1-4249856,,"
Jai Laxmi Electric Stores,unknown,"522961,,"
Janasewa Trading House,unknown,"023-580128,,"
Jay Nepal Electronics,"Reshamkothi,","051-527220527383,,"
Jaya Electronics Center,"Sallaghari,","00977-1-4371777,,"
Jaya Laxmi Electronics Store,"Hanumandas Road,","522961,,"
Jaya Ram Electronics,"Bagdurbar,","00977-1-42221524222152,,"
JAY AMBAY TRADING,"Mahabaudha,","4249856,,"
J. K. Electronic,"Bagdurbar,","00977-1-4245855,,"
Joshi Electronic Centre,"Prayagpokhari,","00977-1-5530537,,"
Joshi Radio Concern,"New Road,","00977-1-4263721,,"
JUMBO ELECTRONIC PVT. LTD.,"New Road,","42327042013200,,"
Jyoti Electronics,"Maharajgunj,","00977-1-43707044376493,,"
JYOTI ELECTRONIC,"Galfotar,","43707044376493,,"
Kadar Electronic,"Mahaboudha,","00977-1-4223006,,"
KAJOL TRADE ENTERPRISES,"Kalimati,","42739299841872139,,"
Kalanki T.V. House,"4286770,","00977-1-2021061,,"
Kali Electronic Store and Suppliers,"Hanumandas Road,","528574,,"
Kalika Electronics Traders,"New Baneshwor,","00977-1-4499302,,"
Kalimati Vision Center,"Kalimati,","00977-1-4303012,,"
Kamal Electronics,"Chabahil,","00977-1-44713939841228124,,"
Kantipur Electronic,"Chabahil,","00977-1-4460972,,"
Kasturi Enterprises,unknown,"071-550401,,"
K.B. International,"Bhotebahal,","00977-1-4239070,,"
K. C. Electronics,"Bansbari,","00977-1-4378298,,"
Khan Eletronics,unknown,"031-520625,,"
KHILRAJ REGMI,"Hetauda,","520390521390,,"
Khusboo Enterprises,"Makhan,","00977-1-4226554,,"
Kiran Electronic Shop,"Mahaboudha,","00977-1-4253981,,"
Kiran Electronics Center,"Bhimkali Patan,","522225527300,,"
Kirita Entertainment Systems,"Lazimpat,","00977-1-4422170,,"
KIRITA ENTERTAINMENT SYSTEM,"Lazimpat,","4422170,,"
Koirala Electronics & Time Center,"Maitidevi,","00977-1-4435460,,"
Kripa's,"Bishal Bazar,","00977-1-4220794,,"
KULDEEP HOME APPLIANCES,"Chabahil,","4496979,,"
Kumaripati TV Center,"Kumaripati,","00977-1-5554068,,"
Kumari Electronics,"Behind Bir Hospital,","00977-1-42265574242716,,"
LACOUL ELECTRONIC TRADE CENTRE,"Naya Chowk, Butwal/Bhairahawa","540451,,"
LAKHE TRADERS,"Narayan Path, Butwal/Bhairahawa","521262,,"
LAVELY ELECTRONICS,"Traffic Chowk, Butwal/Bhairahawa","54495498470455999747000154,,"
Lawa Kush Electronics,"Gyaneshwor,","00977-1-442394144106709851041330,,"
Laxmi & Devi Suppliers,"Jhumka,","025-562140,,"
Laxman Electric & Electronics,"Dillibazar,","00977-1-4438672,,"
Laxmi Electronics & Computers,"Maharajgunj,","00977-1-4371777,,"
LAXMAN ELECTRIC AND ELECTRONICS,"Dillibazar,","44334594428072,,"
LG Lifestyle Shoppe Pvt.Ltd.,"Minbhawan,","00977-1-4106530016206462,,"
LUMBINI ECO CONCERN AND SUPPLIERS,"Barmelitole, Butwal/Bhairahawa","520639,,"
MAHASETH ENTERPRISES AND ORDER SUPPLIERS,"Khichapokhari, Butwal/Bhairahawa","523553,,"
Makwanpur Electronics,unknown,"521746,,"
Mallika Trade Link,"Putalisadak,","00977-1-4420556,,"
Mangil Radio,"Narayanghat, Bhairahawa","521770,,"
Manjil Radio & Watch,"Narayanghat,","521770,,"
MANISHA ENTERPRISES,"Attariya, Kailali","5509299729157133,,"
Marconi Asia Electronics,"Prayagpokhari,","00977-1-5525966,,"
MATATIRTHA TV SERVICE AND SALES CENTER,"Sitapaila,","4670985,,"
M. D. STORE,"Mahabaudha,","4246204,,"
Media Electronics Center,"New Road,","00977-1-4268122,,"
MICROHARD COMPUTER,"Kailali,","5603449749000564,,"
Milan Radio Service,"Thimi,","6632321,,"
Miracle Electronics,"Narayanghat,","056-525560,,"
Modern Electronics,"Biratnagar Road,","526182,,"
MON AMI HOME APPLIANCES,"Khichapokhari,","42200764223101,,"
Moon Electronics,"Chabahil,","00977-1-49126319851061366,,"
M.S. TRADE LINK,"Bhotebahal,","4215622,,"
Mukesh Enterprises,"Mahaboudha,","00977-1-4226022,,"
Multitech Supplier,unknown,"025-531152,,"
Multi-Electronic Traders,"Putali Sadak,","00977-1-4426426,,"
Music & Vision House,unknown,"033-560162,,"
Nabin Electronics,"Chabahil,","00977-1-44935602040347,,"
Nabin Electronic Center,"Chabahil,","44935602040347,,"
Namaste Electronics,"Sukrapath,","00977-1-42411014229823,,"
Namaste Nepal Electronics,"Main Road,","523458526896,,"
NAMASKAR ELECTRONICS,"New Road,","42224484221910,,"
NARAYAN RADIO,"Mahendra Pool,","520337531021,,"
National Electronic & Maintenance,"Kalanki,","00977-1-4282699,,"
NEELKAMAL ELECTRONICS,"Kavre,","661160,,"
Nepa Hima Trade Link Pvt. Ltd.,"Kantipath,","00977-1-4250305,,"
Nepa Hima Trade Link Pvt. Ltd.,"New Road,","00977-1-4243793,,"
Nepa Hima Trade Link Pvt. Ltd.,"Chabahil,","00977-1-4485673,,"
Nepal Hima Trade Link Pvt. Ltd.,"Dharmapth,","00977-1-4243793,,"
Nepal Hima Trade Link Pvt. Ltd.,"Chabahil,","00977-1-4485673,,"
Nepal Electronics & Time Center,"Maitidevi,","00977-1-2101394,,"
NEPAL ELECTROPLATING CENTRE,"Sanopokhara,","520525,,"
Nepal UNITED CONCERN,"Kamaladi,","4249923,,"
New Ambika Impex,"Indrachowk,","00977-1-42161089841292456,,"
New D.M. Electronics,unknown,"00977-1-6613806,,"
New Electronics Home,"Kathmandu Mall,","00977-1-4150082,,"
New Fortune Store,"Lalitpur,","00977-1-5540613,,"
New Pathibhara Eletronics,unknown,"025-580317,,"
New Saraswati Eletronics,unknown,"025-528441,,"
New Digital Traders,unknown,"543506,,"
New Giri Impex,"Tripureshwor,","00977-1-4117080,,"
New H. D. Electronics,unknown,"00977-1-43339084334660,,"
New Overseas Electronics,"Khichapokhari,","00977-1-4222242,,"
New R. TV Center,"Kalimati,","00977-1-4277986,,"
New Ronix Electronics,"Tulsi Complex,","534588,,"
New Ruchi Corner,"Bishal Bazar,","00977-1-4228070,,"
New Sangrila Electronics Repairing Center,"Satdobato,","00977-1-5542276,,"
New Sanu Service Center,"Dharmapath,","00977-1-42467179851045689,,"
NEW KOSHOR ELECTRONICS CENTER,"Dang,","5207979857820744,,"
NEW SANGEET TRADERS,"Adarshnagar,","523953529759,,"
NEW GOODWILL LIGHTS,"Kathmandu Plaza,","2100718,,"
NEW SUNRISE T.V. CENTRE,"Narayangadh, Chitwan","530473,,"
NEW SHIV GANGA EMPORIUM,"Narayangadh, Chitwan","5206819845052132,,"
NEW ROMANI MOBILE CORNER,"Butwal/Bhairahawa,","545022,,"
NEW NAMASTE TRADERS,"Kailali,","56082298484433578,,"
Nims Centre,"New Road,","00977-1-42591314263966,,"
NIRU TRADERS,"Kailali,","56066497490006359749000535,,"
N.S. ORDER AND SUPPLIERS,"Khajuria, Butwal/Bhairahawa","521638,,"
Om Electronics,"Mahaboudha,","00977-1-4230865,,"
Omega Electronics,"Mahendra Pool,","521299,,"
OM ELECTRIC CONCERN,"Siddhartha Nagar, Butwal/Bhairahawa","520019,,"
Our Shangrila Electronics Centre,"New Baneshwor,","00977-1-47827544782762,,"
Pahari Emporium,"Prithvi Chowk,","523256525451,,"
Panchakumari Electronics,"Sinamangal,","00977-1-4466252,,"
Paramount Electronics Pvt. Ltd,"Sherpa Mall,","00977-1-42274482233117,,"
Paras Emporium,"New Road,","00977-1-4221969,,"
Pashupati Trading Concern,"Tripureshwor,","00977-1-4117292,,"
Pashupati Electronics,unknown,"520319,,"
Pashupati TV & Radio Center,"Chipledhunga,","521404,,"
PASUPATI CENTRE,"New Road,","4254415,,"
Pipal Video & Mobile Service,"New Road,","00977-1-42233224224217,,"
Pipal Video Service,"New Road,","42233224224217,,"
Prashanti Emporium,"Battisputali,","00977-1-4491323,,"
Prajapati Electronix Centre,"New Road,","4244672,,"
Public Electronics,"Maitidevichowk,","00977-1-4414288,,"
PURNA GIRI ELCTRONICS,"Attariya, Kailali","5503239848426497,,"
Radio City Car Audio,"Kuleswor,","00977-1-16209217,,"
R. A. Electronics,"Mahaboudha,","00977-1-4244663,,"
R.A. ELECTRICAL AND ELECTRONICS CENTRE,"Jawalakhel, Lalitpur","5541917,,"
RAIWAT ELECTRONICS,"Kumaripati, Lalitpur","55445009851018404,,"
Raju Kota Traders,"Pathari,","021-555322,,"
Rajendra Electronics,"Kalanki,","00977-1-4286151,,"
Rambha Electronics,"New Road,","00977-1-4238060,,"
RAMKUMAR PD. SHAH,"Hetauda,","520390520132,,"
Ranu Shopping Center,unknown,"025-560970,,"
Ranibow TV Center,"Himalaya Road,","526509,,"
RANA ELECTRICAL CENTRE,"Kalanki,","4279159,,"
Ray's Electronic Center,"Gabahal,","00977-1-5536662,,"
Reasonal Electronics Service Center,"Chabahil,","00977-1-4496108,,"
Rewat Electronics,"Kumaripati,","00977-1-5544500,,"
R. H. Electronics,"Thamel,","4424165,,"
RIDDHI SIDDHI SHOPPING CENTRE,"Pako, New Road,","4248779,,"
R. K. Electronics Center,"Chabahil,","00977-1-4466221,,"
R. K. Electronics Reparing Centre,"Maharajgunj,","00977-1-4374058,,"
ROSHNI ELECTRONICS,"Traffic Chowk, Butwal/Bhairahawa","545537,,"
R. P. Electronics,"Thimi,","00977-1-6631729,,"
R.R. ELECTRONICS,"Kailali,","98484329459848516890,,"
R.S. ELECTRONICS,"Palpa Road, Butwal/Bhairahawa","5436429847025414,,"
R. T. Electronics,"Prithvi Chowk,","528670520742,,"
Ruby Electronics Service,"New Baneshwor,","00977-1-4496001,,"
Rudra & Kumar (Pvt.) Ltd.,"New Road, P.O. Box: 1428, Ktm,","00977-1-42252684226066,,"
Sagarmatha Electronics Service,"Anamnagar,","00977-1-4445431,,"
SAHANAJ AND SONS,"Gharbari Tole,","522172,,"
SAI ELECTRICALS AND ELECTRONICS,"Surkhet,","520479521727,,"
SAMPADA E.M.R. SERVICES,"Khajana, Butwal/Bhairahawa","520939,,"
Sanju Air Conditioner,"Narayanghat,","056-531233242024,,"
Sanyo Trading,"Galfutar,","00977-1-4374558,,"
Sangam Electronics,"Maharajgunj,","00977-1-4373459,,"
Santosh Electronics Sales & Services,"Gaushala,","00977-1-4499476,,"
Santosha Vision,"Prithvi Chowk,","528078,,"
S AND S LIGHT CENTRE,"Kavre,","661648,,"
SANCHIT IMPEX,"Bank Road, Butwal/Bhairahawa","520285,,"
SANSONG ELECTRONIC HOUSE,"Khichapokhari,","4279993,,"
Sapkota Electronic Servic Centre,"Tripureshwor,","00977-1-4261927,,"
Sapana Electronics,"Bhairawa,","+977-1-545990,,"
Sayapatri Nepal,"Kakarbhitta, Jhapa","023-562450,,"
Sharp Showroom,"Naxal,","00977-1-9851104605,,"
Shakya Electronics & Watch Service,"Samakhushi,","00977-1-4358068,,"
Shanker Electronics Concern,"Super Market,","00977-1-4227674,,"
Shanta Enterprises,"Mahaboudha,","00977-1-4246795,,"
Sharma Electronic Centre,"Samakhushi,","00977-1-2160046,,"
Shandhya Elecronics & Watch Center,"Maharajgunj,","4375107,,"
SHARMA ELCTRICALS,"Dhobikhola,","4473424,,"
SHAKYA ELECTRONICS,"Khichapokhari,","4150254,,"
SHANGRI-LA ELECTRONICS,"New Baneshwor,","44784124483880,,"
SHANKER ELECTRONIC CONCERN,"Khichapokhari,","4227674,,"
SHAJA ENTERPRISES PVT. LTD.,"Lagankhel, Lalitpur","2123364,,"
Shiva Baba Electronics,unknown,"057-524327,,"
Shiva Electronics,"Suryabinayak,","00977-1-6617454,,"
Shree Ganesh Electronics Shop,"Old Buspark,","00977-1-424796442419749841230746,,"
Shree Mahalaxmi Electric,"New Road,","00977-1-42317259851030192,,"
Shree Malika Trade Link Center,"Dillibazar,","00977-1-442055698412305989851094825,,"
Shree Ratna Engineering,"Milan Chowk, Bhairahawa","540415,,"
Shreena Enterprises,"Bagdurbar, P.O. Box: 19831, Ktm,","00977-1-42527869851052538,,"
Shrestha Radio Concern,"New Road,","00977-1-4263503,,"
Shrestha Voice & Vision,"Nayabazar,","00977-1-4358541,,"
Shree Ganesh Electronics,"Mahaboudha,","4244977,,"
SHREE HARI ELECTRONIC CENTRE,"Share Market,","4263033,,"
SHREE GANESH EMPORIUM,"Narayangadh, Chitwan","5326135224219845026499,,"
SHREE SHANTI LAXMI STORES,"Hetauda,","5211255241259845042775,,"
SHUSMA ELECTRONICS,"Chitwan,","5307676900749845044769,,"
Siddhartha Electronics,"Balaju,","00977-1-4284020,,"
Siddhartha Electronics,"Maharajgunj,","00977-1-4355429,,"
Siddhartha Electronics,"Natole, Kwath Bahal,","00977-1-5533248,,"
SIDDHARTHA ECO SUPPLIERS,"Narayan Path, Chitwan","521486,,"
SIDHESWARI SHRI IMPEX,"Maitripath, Butwal/Bhairahawa","526443,,"
Silu Electronics,"Lagankhel,","00977-1-5533950,,"
Silwal Electronics,"Baluwatar, P.O. Box: 13126, Ktm,","00977-1-4420793,,"
SILU ELECTRONIC PVT. LTD.,"Krishnagalli, Lalitpur","5533950,,"
Sitapaila Electronics,"Sitapaila,","00977-1-4279142,,"
SITARA TRADERS,"Attariya, Kailali","5504335502339848423321,,"
S. K. Electronic Centre,"Nayabazar,","00977-1-4362367,,"
S. K. Engineering Works,"Milan Chowk, Bhairahawa","540045,,"
S.N. ELECTRONIC,"Bagbazar,","4224989,,"
SONU IMPEX,"Supermarket,","4242178,,"
Soorya Electronic Traders,"Balaju,","00977-1-4364740,,"
Sourav Impex,"Mahaboudha,","00977-1-4244215,,"
Space Electronics,"Balkhu,","00977-1-4273130,,"
Space Television & Monitor Repairing Center,"Old Baneshwor,","00977-1-4479379,,"
Sri Ganesh Electricals,"Hanumandas Road,","523497,,"
Sri Kuber Enterprises,unknown,"526711,,"
S. & S. Electronic,"Bansbari,","00977-1-4377091,,"
Star Electronics,"Maitidevi,","00977-1-4417812,,"
Star Plus Electronics,"New Road,","00977-1-4257286,,"
STAR VISION,"Chipledhunga,","530855,,"
SUDDHI BINAYAK ELECTRONICS,"Pushpalal Chowk, Butwal/Bhairahawa","5462499857026844,,"
SUDINA ENTERPRISES,"Mahabaudha,","4230724,,"
Sumer Emporium,"Putalisadak,","00977-1-44425884416573,,"
Summer Emporium,"Putalisadak,","00977-1-4416573,,"
Sunny Electronics Service Center,"New Road,","00977-1-4223508,,"
SUN-EL-TRONIX,"Khichapokhari,","4220301,,"
SUNNY ELECTRONICS,"Khichapokhari,","42238784223508,,"
Super Centre,"Main Road,","531640,,"
Super Sound Service,"Paknajol,","00977-1-4700966,,"
SUPER LIGHT,"Putalisadak,","4416501,,"
Surunga Brothers & Traders,"Surunga, Jhapa","023-550093,,"
Suryabinayak Electronics Centre,"Suryabinayak,","00977-1-6614692,,"
SURAJ ELECTRONIC SHOP,"Kirtipur,","43322589841373947,,"
SUSAN ELECTRONIC CENTRE,"Palichowk, Chitwan","621636521790560416,,"
Suwal Electronics,"Suryabinayak,","00977-1-6614713,,"
TALEJU ELECTRO HOUSE,"BP Chowk, Butwal/Bhairahawa","5425629857025475,,"
Techno Home,"Jawalakhel,","00977-1-5520690,,"
Tele Mart,"New Road,","00977-1-4222320,,"
Television Mart,"Chabahil,","00977-1-4493640,,"
Televideo Services,"Nayabazar, Sorakhutte,","00977-1-4360294,,"
Televideo Services,"Sorhakhutte,","00977-1-2090469,,"
Thakuri Electronics,"Lalitpur,","00977-1-5538164,,"
Thapa Maintenance & Servicing Center,"Chabahil,","00977-1-4486281,,"
TIPS VIDEO GOODS,"Na Tole, Lalitpur","55307505533275,,"
T.V. PALACE,"Chabahil,","4466782,,"
TV World,"New Baneshwor,","00977-1-47803434780230,,"
TV World,"Rabi Bhawan,","00977-1-4673216,,"
UGRACHANDI ELECTRONICS HOUSE,"Kavre,","660502,,"
UJJWAL OVERSEAS TRADERS,"Lalitpur, Lalitpur","5522300,,"
Universal Electronic,"Kamal Pokhari,","00977-1-4416938,,"
UNIVERSAL TRADE CENTRE,"Anamnagar,","4240709,,"
UNIWORLD KITCHEN AND HOME APPLIANCES PVT. LTD.,"Maitidevi,","0169105929841251826,,"
Upahar Emporium,"Mahendra Pool,","520130,,"
U-REKA ELECTRONIC CONCERN,"Putalisadak,","42529024244769,,"
Video Care (Philips Service Center),"New Road,","00977-1-42499094250796,,"
VISION WORLD,"Praharitole, Butwal/Bhairahawa","526974,,"
Walkman Audio Centre,"New Road,","00977-1-42223124225037,,"
Web Electronic,"Bishal Nagar,","00977-1-4438820,,"
Wheels,unknown,"051-521764,,"
Whirlpool Brand Shop,"Kantipath,","00977-1-4250305,,"
Whirlpool Brand Shop,"Jawalakhel,","00977-1-55263005008518,,"
Xenex Electronic Emporium,"Lalitpur,","00977-1-5520271,,"
Xeroxa Electronic Emporium,"Lagankhel,","00977-1-55309885534687,,"
XEROXA ELECTRONIC IMPORIUM,"Pulchowk, Lalitpur","5530988,,"
Zip [email protected],"Lagankhel,","00977-1-5539899,,"
